scheme_id,fund_name,category,return_1y,return_3y,return_5y,return_10y,return_inception,sip_return_1y,sip_return_3y,sip_return_5y,rolling_avg_1y,rolling_avg_3y,rolling_avg_5y,sharpe_3y,sortino_3y,volatility_3y,max_drawdown,calmar_3y,var_95,upside_capture,downside_capture,alpha_3y,beta_3y,r_squared_3y,treynor_ratio,information_ratio,pct_pos_1y,pct_pos_3y,nav_latest,nav_date,inception_date,history_years,expert_score,category_rank,category_total,percentile_rank
120819,quant Aggressive Hybrid Fund-Growth Option-Direct Plan,Aggressive Hybrid,5.44,12.94,12.29,15.75,16.12,4.72,7.3,11.02,19.95,17.87,18.03,0.6,0.79,13.11,-28.69,0.45,-1.33,72.8,85.7,8.58,0.813,0.68,0.0968,0.9,87.1,99.6,494.8459,05-Oct-2026,07-Jan-2013,13.7,67.0,1,31,3.2
120700,ICICI Prudential Aggressive Hybrid Active FOF - Direct Plan - Growth,Aggressive Hybrid,-1.92,12.6,12.3,14.85,14.88,-4.23,5.21,11.37,17.91,17.24,17.8,0.71,0.97,10.23,-35.74,0.35,-1.07,62.3,79.8,9.38,0.702,0.789,0.1041,1.2,90.0,96.7,235.1588,01-Oct-2026,05-Apr-2013,13.5,65.3,2,31,6.5
118624,Edelweiss Aggressive Hybrid Fund-Direct Plan-Growth Option,Aggressive Hybrid,-0.3,12.15,12.65,13.09,13.5,-1.41,5.51,11.23,15.8,14.71,14.35,0.63,0.76,10.71,-28.6,0.42,-1.07,64.1,82.3,7.87,0.757,0.883,0.0888,1.23,91.7,99.8,73.7,05-Oct-2026,08-Jan-2013,13.7,64.0,3,31,9.7
140382,Bandhan Aggressive Hybrid Fund-Direct Plan Growth,Aggressive Hybrid,4.12,13.6,11.02,12.0,12.32,3.28,9.14,12.0,13.32,13.83,14.38,0.69,0.83,11.89,-31.55,0.43,-1.22,74.5,86.1,8.97,0.826,0.844,0.1015,1.42,86.4,94.9,31.099,05-Oct-2026,02-Jan-2017,9.8,64.0,3,31,9.7
133035,Kotak Aggressive Hybrid Fund - Direct Plan -Growth,Aggressive Hybrid,0.06,12.15,11.41,12.95,12.75,0.54,6.57,10.77,14.41,14.63,14.91,0.58,0.73,11.77,-32.14,0.38,-1.22,69.5,85.0,7.72,0.799,0.814,0.0858,1.07,89.3,98.1,75.173,05-Oct-2026,07-Nov-2014,11.9,62.8,5,31,16.1
148026,Sundaram Balanced Advantage Fund Direct Plan - Growth,Balanced Advantage,17.08,14.83,8.65,4.24,25.72,15.2,22.19,22.19,28.31,,,2.4,3.01,8.39,-4.81,3.08,-0.84,18.0,63.0,15.57,0.286,0.72,0.705,-0.46,100.0,,15.1454,31-Dec-2021,09-Mar-2020,1.8,70.6,1,49,2.0
132186,Aditya Birla Sun Life Dynamic Asset Allocation Omni FOF- Direct Plan - Growth Option,Balanced Advantage,1.93,12.08,11.03,12.11,12.41,1.18,6.51,10.89,13.21,13.5,13.37,0.65,0.77,10.64,-22.15,0.55,-1.13,58.1,77.9,8.47,0.722,0.772,0.0953,1.03,89.7,99.8,60.7077,05-Oct-2026,13-Oct-2014,12.0,62.2,2,49,4.1
145396,Baroda BNP Paribas Balanced Advantage Fund-Direct Plan-Growth Option,Balanced Advantage,2.35,10.98,10.2,10.59,13.63,-1.04,5.97,9.87,15.48,15.71,15.83,0.52,0.64,10.57,-20.72,0.53,-1.11,59.4,80.7,6.9,0.726,0.836,0.0755,0.88,97.5,100.0,27.4326,05-Oct-2026,20-Nov-2018,7.9,61.2,3,49,6.1
118968,HDFC Balanced Advantage Fund - Growth Plan - Direct Plan,Balanced Advantage,-2.89,10.22,13.13,13.75,13.61,-5.45,2.66,10.25,16.94,15.87,15.42,0.47,0.55,9.9,-34.2,0.3,-0.94,53.1,77.5,6.38,0.681,0.838,0.0677,0.71,85.6,98.2,548.058,05-Oct-2026,01-Jan-2013,13.8,60.0,4,49,8.2
149406,Mahindra Manulife Balanced Advantage Fund - Direct Plan - Growth,Balanced Advantage,1.16,10.43,9.34,4.57,9.85,0.07,4.8,8.91,13.03,13.94,,0.48,0.56,10.25,-9.77,1.07,-1.13,54.2,78.0,6.6,0.686,0.791,0.071,0.7,100.0,100.0,15.6467,05-Oct-2026,03-Jan-2022,4.8,59.7,5,49,10.2
126598,Aditya Birla Sun Life Fixed Term Plan - Corporate Bond Series A (1170 days) - Direct Plan-Growth,Debt - Corporate Bond,8.03,10.19,6.29,3.1,10.01,7.2,9.02,9.19,10.35,,,5.82,4.91,0.74,-0.83,12.28,-0.02,2.7,-11.3,10.71,0.007,0.018,6.1364,-0.1,100.0,100.0,13.5755,05-Apr-2017,23-Jan-2014,3.2,63.8,1,28,3.6
126745,Aditya Birla Sun Life Fixed Term Plan - Corporate Bond Series B (1168 days) - Direct Plan-Growth,Debt - Corporate Bond,7.58,9.56,5.99,2.95,9.55,7.04,8.49,8.62,9.59,,,4.96,4.26,0.73,-0.53,18.04,-0.01,2.6,-10.1,9.99,0.009,0.032,4.0053,-0.11,100.0,100.0,13.3898,12-Apr-2017,03-Feb-2014,3.2,62.9,2,28,7.1
144646,DSP Corporate Bond Fund - Direct - Growth,Debt - Corporate Bond,5.92,7.48,6.08,5.77,7.2,6.31,7.08,6.93,6.92,6.13,6.1,2.12,3.53,0.64,-3.18,2.35,-0.03,2.8,-8.0,7.77,0.012,0.059,1.1261,0.11,100.0,100.0,17.5442,05-Oct-2026,11-Sep-2018,8.1,62.5,3,28,10.7
120497,Invesco India Corporate Bond Fund - Direct Plan - Growth,Debt - Corporate Bond,4.24,7.16,6.12,6.45,49.92,4.2,6.23,6.56,257.24,18.51,12.85,0.87,1.13,1.21,-4.69,1.53,-0.1,3.3,-4.6,7.36,0.029,0.094,0.3631,0.09,97.9,100.0,3616.6787,05-Oct-2026,02-Jan-2013,13.8,61.7,4,28,14.3
147389,Tata Corporate Bond Fund - Direct Plan -Growth (Segregated Portfolio 1),Debt - Corporate Bond,116.54,19.75,11.42,5.56,22.63,159.84,50.52,50.52,15.89,,,0.53,0.99,64.73,-22.2,0.89,-0.06,-0.6,-144.3,41.89,-0.049,0.0,-6.9732,0.24,23.0,,433.4746,09-Feb-2022,17-Jun-2019,2.7,59.7,5,28,17.9
140196,Edelweiss Liquid Fund - Direct Plan - Growth Option,Debt - Liquid,6.54,7.0,6.42,68.11,69.42,6.69,6.78,6.81,715.61,39.56,25.08,-13.3,-30.18,0.13,-0.15,46.67,0.01,1.4,-6.1,4.86,0.001,0.008,-16.3163,-0.12,100.0,100.0,3687.1701,05-Oct-2026,27-Nov-2016,9.9,56.4,1,62,1.6
119905,JPMorgan India Liquid Fund - Direct Plan - Growth Option,Debt - Liquid,7.02,8.22,6.54,3.22,8.48,6.76,7.7,8.0,8.63,8.62,,1.82,,0.2,-0.23,35.74,0.02,1.3,-6.7,5.71,0.001,0.008,-7.8715,-0.33,100.0,100.0,20.4484,24-Nov-2016,01-Jan-2013,3.9,54.3,2,62,3.2
119861,Tata Liquid Fund- Direct Plan-Growth Option,Debt - Liquid,6.49,6.95,6.39,6.13,49.36,6.62,6.75,6.77,853.13,46.72,26.64,-13.96,,0.12,-0.23,30.22,0.01,1.4,-6.1,4.84,0.001,0.007,-16.5487,-0.13,100.0,100.0,4501.2497,05-Oct-2026,02-Jan-2013,13.8,53.1,3,62,4.8
119091,HDFC Liquid Fund - Growth Option - Direct Plan,Debt - Liquid,6.48,6.91,6.36,6.06,49.25,6.62,6.72,6.74,843.89,103.85,55.61,-13.05,-29.49,0.13,-0.18,38.39,0.01,1.4,-6.1,4.83,0.001,0.005,-16.6861,-0.13,100.0,100.0,5599.2373,05-Oct-2026,31-Dec-2012,13.8,53.0,4,62,6.5
119766,Kotak Liquid Fund - Direct Plan - Growth,Debt - Liquid,6.49,6.93,6.37,6.08,49.26,6.64,6.73,6.76,55.45,8.6,7.31,-9.35,,0.16,-0.26,26.65,0.01,1.4,-6.1,4.85,0.001,0.006,-16.4378,-0.12,100.0,100.0,5761.4184,05-Oct-2026,01-Jan-2013,13.8,50.2,5,62,8.1
120525,Religare Invesco GILT Fund - Short Duration Plan - Direct Plan - Growth,Debt - Short Duration,7.39,413.54,166.9,63.37,422.72,6.73,299.08,299.08,1703.7,,,3404891214764.99,2.725541067913505e+16,5895.61,-0.42,984.62,-0.03,3.7602795470827925e+27,-13.7,8427847910015000.0,11.604,0.001,17299124627200.322,0.6,100.0,,1641.5373,22-Dec-2015,02-Jan-2013,3.0,94.2,1,38,2.6
120541,Invesco India Ultra Short Duration Fund - Direct Plan - Growth,Debt - Short Duration,6.72,7.34,6.66,6.72,50.03,7.02,7.18,7.13,261.21,18.5,12.75,3.27,5.74,0.38,-2.69,2.73,0.0,2.4,-9.4,7.71,0.003,0.009,4.1033,0.1,100.0,100.0,3126.9753,05-Oct-2026,02-Jan-2013,13.8,70.0,2,38,5.3
120746,UTI Ultra Short Duration Fund - Direct Plan - Growth Option,Debt - Short Duration,6.61,7.32,6.67,6.53,7.4,6.86,7.12,7.1,7.31,7.09,6.83,3.29,6.62,0.37,-3.61,2.03,0.0,2.4,-9.5,7.69,0.003,0.009,4.0297,0.1,100.0,100.0,4935.555,05-Oct-2026,02-Jan-2013,13.8,64.1,3,38,7.9
143494,Nippon India Ultra Short Duration Fund- Direct Plan- Growth Option,Debt - Short Duration,6.94,7.57,7.01,5.51,6.61,7.17,7.4,7.39,6.43,6.75,6.73,3.82,7.58,0.39,-5.24,1.44,0.0,2.5,-9.7,7.96,0.003,0.01,4.9345,0.12,100.0,100.0,4839.8784,05-Oct-2026,21-May-2018,8.4,63.8,4,38,10.5
120560,Invesco India Short Duration Fund - Direct Plan - Growth,Debt - Short Duration,4.6,7.29,6.19,6.78,50.18,4.54,6.45,6.68,263.03,18.7,13.0,1.17,1.63,1.01,-2.82,2.59,-0.08,3.1,-5.8,7.53,0.023,0.087,0.513,0.1,100.0,100.0,4199.8751,05-Oct-2026,02-Jan-2013,13.8,63.7,5,38,13.2
133386,Motilal Oswal ELSS Tax Saver Fund - Direct Plan - Growth Option,ELSS,6.36,20.19,16.77,16.53,17.08,12.3,11.78,18.1,19.24,18.19,17.25,0.86,1.1,19.32,-37.72,0.54,-1.98,119.6,95.5,15.27,1.041,0.513,0.1604,1.07,78.5,96.7,63.8854,05-Oct-2026,22-Jan-2015,11.7,80.8,1,45,2.2
120847,quant ELSS Tax Saver Fund - Growth Option - Direct Plan,ELSS,8.54,14.39,14.54,19.59,19.46,10.22,8.04,13.26,25.21,23.34,23.17,0.6,0.75,16.79,-36.12,0.4,-1.74,117.8,98.7,8.91,1.058,0.702,0.0948,0.97,83.6,98.8,450.9112,05-Oct-2026,07-Jan-2013,13.7,75.0,2,45,4.4
120079,HSBC Tax Saver Equity Fund - Growth Direct,ELSS,1.64,17.88,16.61,14.97,14.59,-1.35,12.32,14.31,18.39,15.17,14.49,0.94,1.14,13.99,-37.88,0.47,-1.44,102.7,96.6,5.41,1.006,0.744,0.1311,0.76,83.3,95.4,101.2359,23-Jan-2026,02-Jan-2013,13.1,74.0,3,45,6.7
147541,ITI ELSS Tax Saver Fund - Direct Plan - Growth Option,ELSS,1.17,15.08,12.24,10.69,15.74,3.01,6.44,13.41,21.22,20.33,,0.62,0.78,17.72,-38.49,0.39,-1.92,131.6,101.0,9.29,1.126,0.715,0.0974,1.01,85.2,100.0,27.7763,05-Oct-2026,25-Oct-2019,6.9,74.0,3,45,6.7
120494,JM ELSS Tax Saver Fund (Direct) - Growth Option,ELSS,4.27,15.45,13.27,15.48,16.47,8.61,8.56,14.01,20.04,17.9,17.3,0.68,0.83,16.24,-37.39,0.41,-1.75,115.1,97.5,9.85,1.059,0.752,0.1043,1.2,81.8,98.6,58.8323,05-Oct-2026,02-Jan-2013,13.8,73.8,5,45,11.1
148404,BANK OF INDIA Flexi Cap Fund Direct Plan -Growth,Flexi Cap,9.04,18.4,16.19,15.31,25.55,12.87,11.14,16.91,25.01,24.73,,0.81,0.92,17.76,-23.73,0.78,-1.8,121.5,97.2,12.8,1.093,0.669,0.1323,1.23,84.0,100.0,41.74,05-Oct-2026,01-Jul-2020,6.3,81.4,1,52,1.9
149763,Invesco India Flexi Cap Fund - Direct Plan - Growth,Flexi Cap,-1.78,16.07,14.75,7.12,16.01,2.43,7.35,14.09,21.15,22.08,,0.74,0.96,15.64,-19.4,0.83,-1.64,114.1,97.0,10.53,1.033,0.772,0.112,1.37,93.7,100.0,19.92,05-Oct-2026,16-Feb-2022,4.6,76.8,2,52,3.8
151379,ITI Flexi Cap Fund- Direct Plan- Growth,Flexi Cap,10.44,18.01,15.76,7.59,22.42,13.28,11.62,15.11,21.27,,,0.84,1.0,16.5,-21.44,0.84,-1.72,123.4,97.9,12.33,1.073,0.749,0.1288,1.45,89.8,100.0,20.6336,05-Oct-2026,22-Feb-2023,3.6,74.7,3,52,5.8
148990,ICICI Prudential Flexicap Fund - Direct Plan - Growth,Flexi Cap,1.31,14.93,14.11,7.63,15.15,2.99,8.32,13.6,17.76,19.89,,0.71,0.97,14.33,-19.71,0.76,-1.51,100.4,94.2,9.76,0.952,0.781,0.1066,1.34,98.6,100.0,20.86,05-Oct-2026,19-Jul-2021,5.2,74.3,4,52,7.7
120843,quant Flexi Cap Fund - Growth Option-Direct Plan,Flexi Cap,7.85,14.6,13.67,18.68,18.1,7.96,7.05,13.25,24.86,21.69,21.34,0.61,0.77,16.88,-41.28,0.35,-1.77,118.7,98.8,9.2,1.049,0.683,0.0979,0.96,77.1,97.1,117.2542,05-Oct-2026,07-Jan-2013,13.7,73.9,5,52,9.6
147666,Axis Nifty 100 Index Fund - Direct Plan - Growth Option,Index - Nifty 100,-7.4,7.38,6.67,7.84,11.48,-11.53,-0.61,5.29,17.06,15.44,,0.15,0.2,13.69,-37.03,0.2,-1.43,105.4,100.1,1.76,1.026,0.982,0.021,1.01,87.1,100.0,21.2158,05-Oct-2026,23-Oct-2019,7.0,54.9,1,3,33.3
149832,BANDHAN NIFTY 100 INDEX FUND - DIRECT PLAN - GROWTH,Index - Nifty 100,-7.33,7.46,7.91,3.88,8.61,-11.47,-0.54,5.15,12.42,13.07,,0.16,0.2,13.7,-17.26,0.43,-1.43,105.7,100.2,1.83,1.027,0.982,0.0218,1.04,84.1,100.0,14.212,05-Oct-2026,25-Feb-2022,4.6,54.3,2,3,66.7
149868,HDFC NIFTY 100 Index Fund - Direct Plan - Growth Option,Index - Nifty 100,-7.48,7.24,7.18,3.53,7.8,-11.6,-0.73,4.9,12.16,12.81,,0.15,0.19,13.77,-17.34,0.42,-1.43,105.2,100.2,1.63,1.026,0.982,0.0196,0.93,83.6,100.0,14.1277,05-Oct-2026,23-Feb-2022,4.6,53.1,3,3,100.0
148360,L&T Nifty 50 Index Fund - Direct Plan - Growth,Index - Nifty 50,6.75,26.91,15.37,7.41,31.56,15.39,21.73,21.73,26.97,,,1.58,2.09,17.53,-16.49,1.63,-1.75,99.9,99.9,0.4,0.997,1.0,0.2774,1.76,92.9,,21.1916,25-Nov-2022,17-Apr-2020,2.6,77.0,1,23,4.3
148363,L&T Next Nifty 50 Index Fund - Direct Plan - Growth Option,Index - Nifty 50,-1.26,22.39,12.89,6.25,26.19,6.45,17.43,17.43,26.84,,,1.25,1.53,17.78,-20.3,1.1,-1.9,63.3,92.6,0.97,0.833,0.679,0.266,-0.37,85.9,,18.6763,25-Nov-2022,17-Apr-2020,2.6,64.3,2,23,8.7
147794,Motilal Oswal Nifty 50 Index Fund - Direct plan - Growth,Index - Nifty 50,-9.18,5.75,6.08,7.14,10.72,-13.83,-1.76,4.27,17.01,15.09,,0.03,0.04,13.3,-37.28,0.15,-1.35,100.4,99.9,0.26,1.0,1.0,0.0038,5.97,87.1,100.0,19.6971,05-Oct-2026,26-Dec-2019,6.8,51.2,3,23,13.0
118482,BANDHAN Nifty 50 Index Fund-Direct Plan-Growth,Index - Nifty 50,-9.21,5.72,6.1,11.12,11.2,-13.84,-1.78,4.26,13.91,12.99,13.27,0.02,0.03,13.22,-37.58,0.15,-1.35,100.3,99.9,0.23,1.0,1.0,0.0035,4.07,84.2,99.3,50.5414,05-Oct-2026,02-Jan-2013,13.8,50.6,4,23,17.4
120716,UTI Nifty 50 Index Fund - Growth Option- Direct,Index - Nifty 50,-9.24,5.7,6.04,11.04,11.09,-13.88,-1.81,4.22,13.83,12.92,13.2,0.03,0.03,13.3,-38.42,0.15,-1.35,100.4,100.0,0.22,1.001,1.0,0.0033,5.45,84.1,99.3,158.829,05-Oct-2026,02-Jan-2013,13.8,50.5,5,23,21.7
149838,Aditya Birla Sun Life Nifty Next 50 Index Fund-Direct Growth,Index - Nifty Next 50,1.57,15.9,11.87,5.77,12.91,0.18,5.21,11.3,18.5,18.29,,0.65,0.79,18.57,-26.7,0.6,-2.06,137.3,101.6,10.04,1.159,0.688,0.1035,1.0,75.1,100.0,17.2473,05-Oct-2026,21-Feb-2022,4.6,72.7,1,21,4.8
148745,Kotak Nifty Next 50 Index Fund - Direct Plan - Growth Option,Index - Nifty Next 50,1.59,16.09,10.76,7.66,14.22,0.11,5.36,11.44,15.83,19.38,,0.66,0.8,18.56,-26.34,0.61,-2.06,137.2,101.5,10.23,1.158,0.688,0.1053,1.02,74.8,100.0,20.3121,05-Oct-2026,17-Mar-2021,5.6,72.6,2,21,9.5
147796,Motilal Oswal Nifty Next 50 Index Fund - Direct plan - Growth,Index - Nifty Next 50,1.45,16.03,10.62,9.6,14.49,-0.02,5.27,11.35,20.77,18.72,,0.65,0.79,18.57,-35.56,0.45,-2.06,137.2,101.5,10.17,1.159,0.688,0.1047,1.01,78.8,100.0,24.8929,05-Oct-2026,26-Dec-2019,6.8,72.6,2,21,9.5
149466,Axis Nifty Next 50 Index Fund - Direct Plan - Growth,Index - Nifty Next 50,1.63,16.04,10.94,5.33,11.76,0.11,5.34,11.41,18.29,18.39,,0.65,0.78,18.39,-26.35,0.61,-2.04,136.5,101.4,10.19,1.154,0.688,0.1051,1.02,75.0,100.0,17.2005,05-Oct-2026,02-Feb-2022,4.7,72.3,4,21,19.0
146381,DSP Nifty Next 50 Index Fund - Direct Plan - Growth,Index - Nifty Next 50,1.55,16.02,10.65,10.64,14.19,0.12,5.29,11.37,17.81,18.11,18.6,0.65,0.79,18.55,-36.02,0.44,-2.05,137.0,101.5,10.16,1.158,0.688,0.1046,1.01,73.4,100.0,27.4735,05-Oct-2026,21-Feb-2019,7.6,72.2,5,21,23.8
149180,HDFC Developed World Overseas Equity Passive FOF - Direct Plan - Growth Option,International,23.43,27.34,16.9,8.12,16.95,21.45,25.38,22.25,19.79,20.11,,1.8,2.36,12.66,-19.58,1.4,-1.11,27.1,22.4,26.9,0.293,0.094,0.7778,1.26,90.9,100.0,21.844,01-Oct-2026,06-Oct-2021,5.0,81.7,1,40,2.5
149291,Aditya Birla Sun Life US Equity Passive FOF-Direct-Growth,International,34.32,34.03,19.6,9.36,20.01,40.26,34.57,30.46,26.73,26.98,,1.66,2.26,18.81,-28.94,1.18,-1.86,33.1,20.3,35.28,0.292,0.043,1.0715,1.25,88.2,100.0,24.4846,05-Oct-2026,08-Nov-2021,4.9,81.6,2,40,5.0
119277,DSP World Gold Mining Overseas Equity Omni FoF - Direct Plan - Growth,International,25.6,58.29,29.74,16.54,9.32,14.61,59.54,42.5,18.64,11.47,9.32,2.0,2.88,35.4,-57.16,1.02,-3.38,57.4,-1.7,72.15,0.511,0.035,1.3843,1.46,56.2,80.6,62.1148,05-Oct-2026,03-Jan-2013,13.8,80.4,3,40,7.5
148485,Axis Global Equity Alpha Fund of Fund - Direct Plan - Growth Option,International,18.98,25.7,15.92,10.36,17.82,20.07,23.48,20.88,16.5,16.42,,1.48,1.94,15.28,-19.86,1.29,-1.37,42.0,45.6,27.35,0.394,0.119,0.5849,1.3,84.4,100.0,26.8342,05-Oct-2026,30-Sep-2020,6.0,78.3,4,40,10.0
149816,DSP Global Innovation Overseas Equity Omni FoF - Direct - Growth,International,24.12,30.62,18.52,8.87,20.17,28.3,28.61,27.51,27.49,,,1.66,2.24,18.68,-27.61,1.11,-1.69,33.8,19.7,35.94,0.237,0.027,1.3077,1.29,95.8,100.0,23.5074,01-Oct-2026,15-Feb-2022,4.6,76.3,5,40,12.5
148524,Principal Large Cap Fund - Direct Growth,Large Cap,28.32,14.3,8.35,4.09,39.82,24.53,29.35,29.35,,,,2.62,3.48,13.55,-7.99,1.79,-1.21,78.5,93.1,6.48,0.848,0.943,0.4185,0.28,100.0,,14.9491,31-Dec-2021,20-Oct-2020,1.2,69.0,1,51,2.0
119893,BNP Paribas LARGE CAP Fund - Direct Plan - Growth Option,Large Cap,11.41,17.15,14.49,13.89,15.2,3.18,18.56,15.31,18.4,13.52,13.46,0.67,0.77,19.98,-32.34,0.53,-1.72,81.3,96.8,4.02,0.888,0.974,0.1524,0.52,85.3,99.7,146.7578,13-Mar-2022,02-Jan-2013,9.2,68.3,2,51,3.9
120392,Invesco India Largecap Fund - Direct Plan - Growth,Large Cap,-0.87,12.77,10.52,13.19,14.39,-1.62,5.32,10.57,16.76,15.36,14.96,0.55,0.71,14.45,-36.85,0.35,-1.47,109.9,98.0,7.16,1.025,0.889,0.0772,1.47,88.3,99.6,83.36,05-Oct-2026,02-Jan-2013,13.8,67.5,3,51,5.9
118870,Taurus Large Cap Fund - Direct Plan - Growth,Large Cap,6.36,13.1,10.17,10.09,10.51,10.11,7.62,11.0,12.94,11.31,10.67,0.59,0.76,13.89,-35.12,0.37,-1.38,104.8,96.6,7.74,0.975,0.87,0.0837,1.45,79.4,95.4,176.91,05-Oct-2026,03-Jan-2013,13.8,63.9,4,51,7.8
118479,BANDHAN Large Cap Fund-Direct Plan-Growth,Large Cap,-2.87,11.72,9.67,12.51,12.42,-5.72,3.63,9.22,14.78,13.72,13.6,0.48,0.65,13.47,-35.14,0.33,-1.42,105.3,97.6,6.33,0.975,0.916,0.0684,1.51,82.1,99.6,86.687,05-Oct-2026,02-Jan-2013,13.8,63.4,5,51,9.8
120403,Invesco India Midcap Fund - Direct Plan - Growth Option,Mid Cap,5.24,21.9,18.32,18.68,20.47,6.54,13.85,19.59,25.0,21.4,20.27,1.04,1.36,17.27,-34.09,0.64,-1.86,114.9,93.5,16.64,1.025,0.624,0.176,1.47,89.5,99.6,229.57,05-Oct-2026,02-Jan-2013,13.8,84.5,1,111,0.9
147704,Motilal Oswal Large and Midcap Fund - Direct Plan Growth,Mid Cap,5.1,20.91,18.46,14.57,21.6,12.59,13.67,19.77,27.45,26.54,,0.91,1.15,19.28,-37.44,0.56,-2.04,123.1,95.9,15.79,1.066,0.541,0.1637,1.15,93.9,100.0,39.8391,05-Oct-2026,22-Oct-2019,7.0,83.9,2,111,1.8
120357,Invesco India Large & Mid Cap Fund - Direct Plan - Growth,Mid Cap,4.61,21.16,16.14,16.79,17.42,7.99,12.65,17.9,19.91,17.91,17.07,1.02,1.35,16.75,-35.31,0.6,-1.73,121.7,95.7,15.62,1.051,0.696,0.1631,1.6,88.7,99.8,125.96,05-Oct-2026,02-Jan-2013,13.8,82.5,3,111,2.7
120381,ICICI Prudential MidCap Fund - Direct Plan -  Growth,Mid Cap,8.96,19.56,15.76,16.0,18.73,2.99,11.46,16.88,24.59,19.37,18.02,0.88,1.09,17.91,-44.04,0.44,-1.96,132.7,98.9,13.96,1.093,0.659,0.1437,1.3,84.2,95.2,365.66,05-Oct-2026,02-Jan-2013,13.8,80.9,4,111,3.6
127042,Motilal Oswal Midcap Fund-Direct Plan-Growth Option,Mid Cap,-2.39,17.82,19.77,16.67,21.36,8.11,7.28,16.67,21.83,20.44,19.51,0.77,1.07,17.9,-37.23,0.48,-1.84,120.4,97.2,12.81,1.013,0.567,0.1368,1.03,80.4,95.2,115.0356,05-Oct-2026,25-Feb-2014,12.6,80.9,4,111,3.6
141226,Mahindra Manulife Multi Cap Fund - Direct Plan -Growth,Multi Cap,8.75,16.25,14.75,16.11,17.26,9.03,10.05,15.34,19.89,21.97,22.16,0.71,0.83,16.78,-34.44,0.47,-1.78,117.7,97.6,10.66,1.071,0.72,0.112,1.19,84.2,99.7,44.6043,05-Oct-2026,18-May-2017,9.4,76.9,1,29,3.4
119452,Principal Multi Cap Growth Fund-Direct Plan - Growth Option,Multi Cap,47.35,21.35,19.76,16.01,17.96,43.77,34.35,21.95,21.12,14.28,14.95,0.87,0.91,20.63,-38.67,0.55,-1.72,78.2,95.2,4.86,0.919,0.925,0.1961,0.55,81.1,94.6,259.0319,31-Dec-2021,02-Jan-2013,9.0,74.2,2,29,6.9
147183,ITI Multi Cap Fund - Direct Plan - Growth Option,Multi Cap,10.42,16.11,13.66,11.36,15.68,12.07,10.31,15.74,18.68,18.98,,0.72,0.86,16.36,-38.66,0.42,-1.82,117.1,97.6,10.57,1.054,0.735,0.1118,1.23,76.3,100.0,29.3804,05-Oct-2026,16-May-2019,7.4,73.8,3,29,10.3
151290,HSBC Multi Cap Fund - Direct - Growth,Multi Cap,6.21,17.19,15.55,7.49,21.77,8.24,9.5,13.89,23.06,,,0.79,0.97,16.35,-20.07,0.86,-1.7,116.2,96.8,11.65,1.049,0.728,0.1229,1.32,92.9,100.0,20.632,05-Oct-2026,03-Feb-2023,3.7,73.2,4,29,13.8
151443,Bank of India Multi Cap Fund Direct Plan - Growth,Multi Cap,9.01,16.5,14.94,7.21,21.44,8.14,10.41,13.63,20.55,,,0.75,0.87,16.21,-20.31,0.81,-1.67,114.2,96.7,11.11,1.026,0.708,0.1183,1.22,92.6,100.0,20.08,05-Oct-2026,06-Mar-2023,3.6,71.7,5,29,17.2
120385,Invesco India Financial Services Fund - Direct Plan - Growth,Sectoral - Banking,2.21,15.71,13.14,14.95,15.1,-3.94,7.97,13.82,19.53,17.44,16.51,0.69,0.9,16.55,-42.4,0.37,-1.67,117.5,97.9,9.99,1.083,0.757,0.105,1.22,83.9,98.0,168.15,05-Oct-2026,02-Jan-2013,13.8,73.7,1,97,1.0
133859,SBI BANKING & FINANCIAL SERVICES FUND - DIRECT PLAN - GROWTH,Sectoral - Banking,-3.92,14.24,11.44,14.43,14.0,-9.18,6.23,11.69,18.42,16.87,15.87,0.6,0.76,15.65,-43.81,0.33,-1.44,109.6,97.0,8.67,1.046,0.781,0.0926,1.17,88.6,99.6,46.7329,05-Oct-2026,05-Mar-2015,11.6,70.1,2,97,2.1
148623,Mirae Asset Banking and Financial Services Fund Direct Growth,Sectoral - Banking,-0.61,11.16,11.56,8.25,14.63,-6.95,6.05,11.12,15.44,17.43,,0.41,0.54,15.77,-21.04,0.53,-1.51,110.2,98.9,5.54,1.061,0.8,0.0608,0.82,96.0,100.0,22.161,05-Oct-2026,14-Dec-2020,5.8,66.6,3,97,3.1
119333,Baroda BNP Paribas Banking and Financial Services Fund - Direct - Growth Option,Sectoral - Banking,-0.13,13.06,10.92,11.53,11.4,-3.59,6.61,11.18,15.59,13.36,12.68,0.52,0.66,16.56,-42.79,0.31,-1.56,118.1,99.5,7.28,1.098,0.777,0.0782,0.97,80.8,94.8,53.7887,05-Oct-2026,02-Jan-2013,13.8,66.4,4,97,4.1
152206,DSP Banking & Financial Services Fund - Direct - Growth,Sectoral - Banking,5.16,13.1,7.66,3.76,14.01,-0.45,10.62,10.62,17.81,,,0.57,0.75,16.91,-14.69,0.89,-1.59,119.6,98.1,10.86,1.074,0.73,0.0895,1.2,100.0,,14.542,05-Oct-2026,11-Dec-2023,2.8,66.2,5,97,5.2
150597,Mirae Asset Global X Artificial Intelligence & Technology ETF Fund of Fund - Direct Plan- Growth,Sectoral - IT,41.75,41.15,30.45,14.22,38.58,51.43,44.52,41.81,38.62,,,1.66,2.28,25.92,-27.24,1.51,-2.53,31.3,-2.9,48.05,0.174,0.008,2.4696,1.24,99.4,100.0,37.789,05-Oct-2026,08-Sep-2022,4.1,81.8,1,14,7.1
148063,Edelweiss US Technology Equity Fund of Fund- Direct Plan- Growth,Sectoral - IT,23.55,34.72,18.2,16.7,26.48,36.47,32.79,29.15,22.97,19.08,,1.33,1.78,27.88,-45.32,0.77,-2.88,87.9,68.3,40.21,0.561,0.073,0.6623,1.16,76.3,100.0,43.4029,05-Oct-2026,09-Mar-2020,6.6,81.5,2,14,14.3
148683,SBI Retirement Benefit Fund - Aggressive Plan - Direct Plan - Growth,Sectoral - IT,-2.21,7.71,10.28,7.5,13.71,-1.88,2.44,8.0,13.9,16.09,,0.18,0.23,13.1,-17.91,0.43,-1.28,85.1,94.4,2.67,0.924,0.869,0.0262,0.44,88.0,100.0,20.9114,05-Oct-2026,17-Feb-2021,5.6,55.6,3,14,21.4
120578,SBI TECHNOLOGY OPPORTUNITIES FUND - DIRECT PLAN - GROWTH,Sectoral - IT,-9.41,7.62,6.29,16.9,17.92,-8.2,-0.24,5.73,20.19,18.35,19.62,0.17,0.25,15.45,-29.85,0.26,-1.59,75.3,90.7,3.78,0.796,0.464,0.0339,0.21,77.0,100.0,221.5816,05-Oct-2026,10-Jan-2013,13.7,54.4,4,14,28.6
118537,Franklin India Technology Fund - Direct - Growth,Sectoral - IT,-11.67,7.51,6.43,16.22,16.5,-11.1,-2.8,6.44,18.84,17.42,18.01,0.17,0.24,15.08,-30.75,0.24,-1.54,72.3,89.6,3.82,0.762,0.452,0.0328,0.19,75.5,100.0,500.63,05-Oct-2026,01-Jan-2013,13.8,53.5,5,14,35.7
147946,BANDHAN SMALL CAP FUND - DIRECT PLAN GROWTH,Small Cap,10.28,22.67,18.86,18.84,29.87,16.0,14.63,22.07,34.46,30.97,,1.06,1.28,17.6,-24.34,0.93,-1.93,114.3,92.8,17.71,0.996,0.56,0.1902,1.39,84.6,100.0,56.208,05-Oct-2026,26-Feb-2020,6.6,86.0,1,72,1.4
145137,Invesco India Smallcap Fund - Direct Plan - Growth,Small Cap,12.73,21.3,19.05,17.88,23.07,17.78,14.61,20.19,27.9,28.95,29.06,0.97,1.22,18.03,-37.66,0.57,-1.99,111.4,92.8,16.35,1.007,0.551,0.1745,1.26,91.4,100.0,52.26,05-Oct-2026,02-Nov-2018,7.9,83.8,2,72,2.8
145678,BANK OF INDIA Small Cap Fund Direct Plan Growth,Small Cap,29.78,21.6,19.95,20.97,27.75,47.81,21.44,22.83,31.59,30.61,30.86,0.95,1.16,19.02,-32.37,0.67,-2.07,104.0,90.3,16.98,0.99,0.479,0.183,1.14,86.2,100.0,67.15,05-Oct-2026,27-Dec-2018,7.8,83.6,3,72,4.2
147919,ITI Small Cap Fund - Direct Plan - Growth Option,Small Cap,18.63,22.92,18.16,14.11,22.05,27.82,17.05,22.35,29.05,26.62,,1.01,1.19,19.35,-39.86,0.58,-2.21,125.9,95.4,17.71,1.081,0.553,0.1817,1.3,82.0,100.0,37.4285,05-Oct-2026,19-Feb-2020,6.6,83.4,4,72,5.6
144988,Sundaram Emerging Small Cap VII Direct Plan - Growth,Small Cap,11.32,32.81,20.48,9.77,20.54,14.38,21.6,24.31,26.54,29.95,,2.02,2.27,14.09,-36.11,0.91,-1.51,47.7,68.8,17.41,0.668,0.499,0.4253,0.82,90.4,100.0,25.4074,29-Sep-2023,03-Oct-2018,5.0,81.1,5,72,6.9
